000001|Aluminum Wire Bonders A|100|35|135|1|g|4/18/2016|4/23/2016|Wire|Gulf Scientific Supplies|Lleonora Abencia|09153901222|baseec@hotmail.com|Basic Street, Philippines
000002|Vacuum Sealer|100|25|125|8|g|04/18/2016|04/30/2016|Expert in sealing|Supplier A|Timothy Ang|09153915937|reno@gmail.com|Reno
000003|Paper Tapes A|1234.75|15|1419.9625|7|g|04/18/2016|04/30/2016|Crispy|MGE Transport|Anthony Ong|09153919945|mgetrans@yahoo.com|Bonifacio Global City
053123|Cellphone|501|15|576.15|1|lb|04/21/2016|04/23/2016|fsd|Gulf Scientific Supplies|jl|hj|hj|kj
132522|Kennistry|3|10|3.3|3|lb|03/24/2016|04/24/2016|THE Kennistry|Lone Star State Research Suppliers|Charles Baron|512/478-0788|cbaron@lonestar.com|198 Fayetteville Road, Memphis
545887|Raised Floor System|9999.99|100|19999.98|1|g|04/25/2016|04/25/2016|Very high.|Precision Products|Elisabete Regis Guillaumon|(02)570517|erguillaumon@precision.com|Rua Dona Antonia De Queiros 381, Sao Paolo
000044|Wirebonders|10|10|11|3|lb|04/28/2016|04/23/2016|Ken is|Gulf Scientific Supplies|A. Baum|4268-54-72|baum@gulfss.com|5089 Calero Avenue
666666|HeadBand|3|10|3.3|3|lb|4/28/2016|4/29/2016|Gayle is|Research Outfitters|Gunther Spielmann|213445|gspielmann@routfitters.com|Mechitaristengasse 5, Vienna
888888|Marshmallow|4|100|8|1|lb|04/20/2016|04/29/2016|Soft|Gulf Scientific Supplies|A. Baum|4268-54-72|baum@gulfss.com|5089 Calero Avenue
