000000|Gulf Scientific Supplies|A. Baum|4268-54-72|baum@gulfss.com|5089 Calero Avenue
000001|Twenty-First Century Materials|D.W. Kadarauch|760541|kadarauch@21centurymats.com|103 Harriet Street
000002|Precision Products|Elisabete Regis Guillaumon|(02)570517|erguillaumon@precision.com|Rua Dona Antonia De Queiros 381, Sao Paolo
000003|Research Outfitters|Gunther Spielmann|213445|gspielmann@routfitters.com|Mechitaristengasse 5, Vienna
000004|Western Technological Supply|W.E. Macdonald|3762855|macdonald@wts.com|5063 Richmond Mall, Vancouver
000005|Lone Star State Research Suppliers|Charles Baron|512/478-0788|cbaron@lonestar.com|198 Fayetteville Road, Memphis
000006|Forever 21|Shannon Cu|09102345371|scu@forever21.com.ph|Malling all you can, yo!
